Cargo,Unidade,Classe,Total,CH_20,CH_40,CH_De,Ti_G,Ti_PG,Ti_M,Ti_D,Ti_PD,Fu_FG,Fu_FCC,Fu_CD,Gasto anual com docentes do Magistério Superior em 2019
Reitoria                                                    ,Reitoria                                                    ,5,1,0,0,1,0,0,1,0,0,0,0,0,268593.93
Reitoria                                                    ,Reitoria                                                    ,7,3,0,0,3,0,0,0,3,0,0,0,3,1129294.35
Reitoria                                                    ,Reitoria                                                    ,8,5,0,0,5,0,0,0,5,0,0,0,5,1881956.41
Reitoria                                                    ,Reitoria                                                    ,6,6,0,2,4,0,0,0,6,0,1,0,3,803795.62
Superintendência Geral de Graduação e Corpo Discente        ,Superintendência Geral de Graduação e Corpo Discente        ,7,5,0,0,5,0,0,0,5,0,0,3,2,1017140.24
Superintendência Geral de Graduação e Corpo Discente        ,Superintendência Geral de Graduação e Corpo Discente        ,8,2,0,0,2,0,0,0,2,0,0,1,1,399725.8
Superintendência Geral para Graduados e Pesquisa            ,Superintendência Geral para Graduados e Pesquisa            ,6,1,0,0,1,0,0,0,1,0,0,0,1,318794.23
Superintendência Geral para Graduados e Pesquisa            ,Superintendência Geral para Graduados e Pesquisa            ,7,3,0,0,3,0,0,0,3,0,1,0,2,592396.67
Superintendência Geral de Planejamento e Desenvolvimento,Superintendência Geral de Planejamento e Desenvolvimento,7,1,0,0,1,0,0,0,1,0,0,0,1,145077.04
PR-5 Pró-Reitoria de Extensão,PR-5 Pró-Reitoria de Extensão,8,1,0,0,1,0,0,0,1,0,1,0,0,276702.76
PR-5 Pró-Reitoria de Extensão,PR-5 Pró-Reitoria de Extensão,7,1,0,0,1,0,0,0,1,0,0,0,1,376709.2
Escritório Técnico da Universidade,Escritório Técnico da Universidade,7,1,0,0,1,0,0,0,1,0,0,0,1,28886.59
Campus de Macaé,Campus de Macaé,8,3,0,0,3,0,0,0,3,0,0,0,0,937265.28
Campus de Macaé,Campus de Macaé,6,128,5,0,123,0,0,1,127,0,0,13,1,21986937.36
Campus de Macaé,Campus de Macaé,5,28,11,1,16,0,1,27,0,0,0,0,0,2742860.76
Campus de Macaé,Campus de Macaé,4,77,29,1,47,6,8,44,19,0,0,1,0,8441159.45
Campus de Macaé,Campus de Macaé,7,37,0,0,37,0,0,0,37,0,1,5,0,8469521.18
Campus de Xerém,Campus de Xerém,6,35,0,0,35,0,0,0,35,0,0,3,0,6007599.26
Campus de Xerém,Campus de Xerém,7,11,2,0,9,0,0,0,11,0,0,0,1,2479766.89
Campus de Xerém,Campus de Xerém,4,13,0,0,13,0,0,0,13,0,0,1,0,2373505.35
Hospital Universitário Clementino Fraga/CCS                 ,Hospital Universitário Clementino Fraga/CCS                 ,6,4,1,2,1,0,0,0,4,0,0,0,1,697289.85
Hospital Universitário Clementino Fraga/CCS                 ,Hospital Universitário Clementino Fraga/CCS                 ,4,1,0,1,0,0,0,0,1,0,0,0,0,90559.89
Hospital Universitário Clementino Fraga/CCS                 ,Hospital Universitário Clementino Fraga/CCS                 ,7,7,1,5,1,0,0,0,7,0,0,0,0,1414088.74
Hospital Universitário Clementino Fraga/CCS                 ,Hospital Universitário Clementino Fraga/CCS                 ,5,3,0,3,0,0,0,3,0,0,1,0,0,289544.78
Hospital Universitário Clementino Fraga/CCS                 ,Hospital Universitário Clementino Fraga/CCS                 ,8,3,0,1,2,0,0,0,3,0,0,0,0,902229.45
Superintendência de Tecnologia da Informação,Superintendência de Tecnologia da Informação,8,1,0,0,1,0,0,0,1,0,0,0,1,176739.65
PR-4 Pró-Reitoria de Pessoal,PR-4 Pró-Reitoria de Pessoal,5,3,0,1,2,0,0,3,0,0,0,0,0,246199.21
PR-4 Pró-Reitoria de Pessoal,PR-4 Pró-Reitoria de Pessoal,8,2,0,0,2,0,0,0,2,0,0,0,0,905174.02
PR-4 Pró-Reitoria de Pessoal,PR-4 Pró-Reitoria de Pessoal,6,19,0,1,18,0,0,0,19,0,0,0,0,2730914.05
PR-4 Pró-Reitoria de Pessoal,PR-4 Pró-Reitoria de Pessoal,4,3,1,0,2,0,2,0,1,0,0,0,0,145160.83
PR-4 Pró-Reitoria de Pessoal,PR-4 Pró-Reitoria de Pessoal,7,9,1,0,8,0,0,0,9,0,0,0,0,2561136
PR-6 Pró-Reitoria de Gestão e Governança,PR-6 Pró-Reitoria de Gestão e Governança,4,1,1,0,0,0,1,0,0,0,0,0,0,45918.78
Centro de Ciências Matemáticas e da Natureza                ,Centro de Ciências Matemáticas e da Natureza                ,8,4,0,0,4,0,0,0,4,0,0,2,1,1309255.97
Centro de Ciências Matemáticas e da Natureza                ,Centro de Ciências Matemáticas e da Natureza                ,6,2,0,1,1,0,0,0,2,0,0,1,0,793115.83
Centro de Ciências Matemáticas e da Natureza                ,Centro de Ciências Matemáticas e da Natureza                ,7,5,0,0,5,0,0,0,5,0,0,5,0,1037250.83
Centro de Ciências Matemáticas e da Natureza                ,Instituto de Matemática                                     ,7,59,2,0,57,0,0,0,59,0,1,5,0,14340239.22
Centro de Ciências Matemáticas e da Natureza                ,Instituto de Matemática                                     ,6,40,2,0,38,0,0,1,39,0,1,3,0,7503181.33
Centro de Ciências Matemáticas e da Natureza                ,Instituto de Matemática                                     ,5,3,2,0,1,0,0,3,0,0,0,0,0,215804.68
Centro de Ciências Matemáticas e da Natureza                ,Instituto de Matemática                                     ,4,21,1,0,20,1,0,0,20,0,0,0,0,2783392.25
Centro de Ciências Matemáticas e da Natureza                ,Instituto de Matemática                                     ,8,28,0,0,28,0,0,0,28,0,2,1,1,9415594.39
Centro de Ciências Matemáticas e da Natureza                ,Instituto de Física                                         ,8,17,0,0,17,0,0,0,17,0,3,1,1,5631006.1
Centro de Ciências Matemáticas e da Natureza                ,Instituto de Física                                         ,7,51,0,0,51,0,0,0,51,0,1,7,0,12947341.22
Centro de Ciências Matemáticas e da Natureza                ,Instituto de Física                                         ,6,20,0,0,20,0,0,1,19,0,0,0,0,4190111.24
Centro de Ciências Matemáticas e da Natureza                ,Instituto de Física                                         ,4,13,0,0,13,0,0,0,13,0,0,0,0,1637958.75
Centro de Ciências Matemáticas e da Natureza                ,Instituto de Química                                        ,6,44,0,0,44,0,0,1,43,0,2,3,0,10158719.86
Centro de Ciências Matemáticas e da Natureza                ,Instituto de Química                                        ,8,24,0,0,24,0,0,0,24,0,1,2,1,8422398.84
Centro de Ciências Matemáticas e da Natureza                ,Instituto de Química                                        ,5,2,1,0,1,1,0,1,0,0,0,0,0,209728.98
Centro de Ciências Matemáticas e da Natureza                ,Instituto de Química                                        ,7,56,0,0,56,0,0,0,56,0,2,5,0,14135427.89
Centro de Ciências Matemáticas e da Natureza                ,Instituto de Química                                        ,4,17,0,0,17,0,0,2,15,0,0,0,0,2549204.11
Centro de Ciências Matemáticas e da Natureza                ,Instituto de Geociências                                    ,4,6,0,0,6,0,0,0,6,0,0,0,0,984890.39
Centro de Ciências Matemáticas e da Natureza                ,Instituto de Geociências                                    ,5,2,0,0,2,0,0,2,0,0,0,0,0,184950.64
Centro de Ciências Matemáticas e da Natureza                ,Instituto de Geociências                                    ,8,14,0,0,14,0,0,0,14,0,0,0,0,4427338.71
Centro de Ciências Matemáticas e da Natureza                ,Instituto de Geociências                                    ,6,24,0,0,24,1,0,1,22,0,1,3,0,4771284.05
Centro de Ciências Matemáticas e da Natureza                ,Instituto de Geociências                                    ,7,29,0,0,29,0,0,0,29,0,2,4,1,8334846.63
Centro de Ciências Matemáticas e da Natureza                ,Instituto Tercio Pacitti de Aplic e Pesquisas Computacionais,7,1,0,0,1,0,0,0,1,0,0,0,0,288709.31
Centro de Ciências Matemáticas e da Natureza                ,Instituto Tercio Pacitti de Aplic e Pesquisas Computacionais,6,6,0,1,5,0,0,0,6,0,0,0,0,877283.6
Centro de Ciências Matemáticas e da Natureza                ,Instituto Tercio Pacitti de Aplic e Pesquisas Computacionais,8,1,0,0,1,0,0,0,1,0,0,0,0,287332.15
Centro de Ciências Matemáticas e da Natureza                ,Observatório do Valongo                                     ,6,6,0,0,6,0,0,0,6,0,0,1,0,1226131.88
Centro de Ciências Matemáticas e da Natureza                ,Observatório do Valongo                                     ,4,1,0,0,1,0,0,0,1,0,0,0,0,174472.01
Centro de Ciências Matemáticas e da Natureza                ,Observatório do Valongo                                     ,7,6,0,0,6,0,0,0,6,0,0,1,1,1434161.21
Centro de Ciências Matemáticas e da Natureza                ,Observatório do Valongo                                     ,8,1,0,0,1,0,0,0,1,0,0,0,0,366029.24
Centro de Letras e Artes                                    ,Centro de Letras e Artes                                    ,7,4,0,0,4,0,0,0,4,0,1,2,1,1103157.12
Centro de Letras e Artes                                    ,Centro de Letras e Artes                                    ,6,3,0,0,3,0,0,0,3,0,1,2,0,689193.29
Centro de Letras e Artes                                    ,Faculdade de Arquitetura e Urbanismo                        ,7,38,1,0,37,0,0,0,38,0,2,4,1,9721770.5
Centro de Letras e Artes                                    ,Faculdade de Arquitetura e Urbanismo                        ,4,16,1,0,15,1,0,0,15,0,0,0,0,2010146.29
Centro de Letras e Artes                                    ,Faculdade de Arquitetura e Urbanismo                        ,5,10,1,0,9,0,0,10,0,0,1,0,0,1122464.65
Centro de Letras e Artes                                    ,Faculdade de Arquitetura e Urbanismo                        ,8,7,0,0,7,0,0,0,7,0,0,1,0,2394207.32
Centro de Letras e Artes                                    ,Faculdade de Arquitetura e Urbanismo                        ,6,32,0,2,30,3,0,2,27,0,3,0,0,5775428.39
Centro de Letras e Artes                                    ,Escola de Belas Artes                                       ,7,38,1,1,36,0,0,0,38,0,3,4,1,8719525.74
Centro de Letras e Artes                                    ,Escola de Belas Artes                                       ,4,15,1,0,14,1,0,2,12,0,0,2,0,2309706.43
Centro de Letras e Artes                                    ,Escola de Belas Artes                                       ,5,20,0,0,20,0,0,20,0,0,0,2,0,2616822.8
Centro de Letras e Artes                                    ,Escola de Belas Artes                                       ,8,4,0,0,4,0,0,0,4,0,0,0,0,1124642.97
Centro de Letras e Artes                                    ,Escola de Belas Artes                                       ,6,67,1,1,65,1,1,1,64,0,6,12,0,12663351.21
Centro de Letras e Artes                                    ,Escola de Música                                            ,7,21,1,0,20,0,0,0,21,0,1,2,0,4432657.09
Centro de Letras e Artes                                    ,Escola de Música                                            ,6,30,0,0,30,0,1,3,26,0,3,8,1,6320863.99
Centro de Letras e Artes                                    ,Escola de Música                                            ,8,9,0,0,9,0,0,0,9,0,1,0,0,2885652.22
Centro de Letras e Artes                                    ,Escola de Música                                            ,4,10,0,1,9,4,0,1,5,0,1,0,0,1083709.28
Centro de Letras e Artes                                    ,Escola de Música                                            ,5,22,2,6,14,0,0,22,0,0,1,1,0,2257786.72
Centro de Letras e Artes                                    ,Faculdade de Letras                                         ,4,24,0,0,24,0,2,2,20,0,2,2,0,3653549.65
Centro de Letras e Artes                                    ,Faculdade de Letras                                         ,U,1,0,0,1,0,0,0,1,0,0,0,0,289102.74
Centro de Letras e Artes                                    ,Faculdade de Letras                                         ,8,26,0,0,26,0,0,0,26,0,0,1,0,7794416.42
Centro de Letras e Artes                                    ,Faculdade de Letras                                         ,5,7,0,1,6,0,1,6,0,0,0,1,0,819816.1
Centro de Letras e Artes                                    ,Faculdade de Letras                                         ,7,75,1,1,73,0,0,0,75,0,1,7,1,19904512.39
Centro de Letras e Artes                                    ,Faculdade de Letras                                         ,6,67,0,0,67,0,0,0,67,0,5,6,0,12734681.24
Centro de Filosofia e Ciências Humanas                      ,Centro de Filosofia e Ciências Humanas                      ,8,1,0,0,1,0,0,0,1,0,0,0,1,424202.5
Centro de Filosofia e Ciências Humanas                      ,Centro de Filosofia e Ciências Humanas                      ,7,3,0,0,3,0,0,0,3,0,0,3,0,794602.12
Centro de Filosofia e Ciências Humanas                      ,Instituto de Filosofia e Ciências Sociais,8,14,0,0,14,0,0,0,14,0,0,1,0,4224488.1
Centro de Filosofia e Ciências Humanas                      ,Instituto de Filosofia e Ciências Sociais,7,33,0,1,32,0,0,0,33,0,1,3,1,7568072.01
Centro de Filosofia e Ciências Humanas                      ,Instituto de Filosofia e Ciências Sociais,6,12,0,0,12,0,0,0,12,0,1,3,0,2522834.16
Centro de Filosofia e Ciências Humanas                      ,Instituto de Filosofia e Ciências Sociais,4,13,0,0,13,0,0,0,13,0,2,1,0,1987286.82
Centro de Filosofia e Ciências Humanas                      ,Instituto de Psicologia                                     ,5,2,0,0,2,0,0,2,0,0,0,0,0,218943.21
Centro de Filosofia e Ciências Humanas                      ,Instituto de Psicologia                                     ,8,7,0,0,7,0,0,0,7,0,0,0,0,2883915.37
Centro de Filosofia e Ciências Humanas                      ,Instituto de Psicologia                                     ,6,14,1,0,13,0,0,0,14,0,0,3,0,2885514.47
Centro de Filosofia e Ciências Humanas                      ,Instituto de Psicologia                                     ,4,7,0,0,7,0,0,0,7,0,1,0,0,1230802.79
Centro de Filosofia e Ciências Humanas                      ,Instituto de Psicologia                                     ,7,19,0,0,19,0,0,0,19,0,5,2,1,4413693.64
Centro de Filosofia e Ciências Humanas                      ,Escola de Comunicação                                       ,5,4,1,0,3,0,0,4,0,0,0,1,0,396689.59
Centro de Filosofia e Ciências Humanas                      ,Escola de Comunicação                                       ,4,5,0,0,5,0,0,0,5,0,0,1,0,875209.39
Centro de Filosofia e Ciências Humanas                      ,Escola de Comunicação                                       ,7,42,0,0,42,0,0,0,42,0,1,7,1,9749110.02
Centro de Filosofia e Ciências Humanas                      ,Escola de Comunicação                                       ,6,15,0,0,15,0,0,1,14,0,1,3,0,4024821.5
Centro de Filosofia e Ciências Humanas                      ,Escola de Comunicação                                       ,8,15,0,0,15,0,0,0,15,0,1,0,0,4277660.36
Centro de Filosofia e Ciências Humanas                      ,Faculdade de Educação                                       ,5,2,0,0,2,0,0,2,0,0,0,0,0,390957.12
Centro de Filosofia e Ciências Humanas                      ,Faculdade de Educação                                       ,4,12,0,0,12,0,1,0,11,0,0,1,0,1920790.44
Centro de Filosofia e Ciências Humanas                      ,Faculdade de Educação                                       ,7,43,0,0,43,0,0,0,43,0,0,1,0,10658025.82
Centro de Filosofia e Ciências Humanas                      ,Faculdade de Educação                                       ,6,53,1,0,52,0,0,0,53,0,2,1,0,9748508.34
Centro de Filosofia e Ciências Humanas                      ,Faculdade de Educação                                       ,8,9,0,0,9,0,0,0,9,0,0,0,1,1981128.78
Centro de Filosofia e Ciências Humanas                      ,Escola de Serviço Social                                    ,4,8,0,0,8,0,0,1,7,0,1,0,0,1128063.48
Centro de Filosofia e Ciências Humanas                      ,Escola de Serviço Social                                    ,5,1,0,0,1,0,0,1,0,0,0,0,0,110421.31
Centro de Filosofia e Ciências Humanas                      ,Escola de Serviço Social                                    ,7,24,0,0,24,0,0,0,24,0,2,1,1,7373133.36
Centro de Filosofia e Ciências Humanas                      ,Escola de Serviço Social                                    ,8,6,0,0,6,0,0,0,6,0,0,0,0,1591819.57
Centro de Filosofia e Ciências Humanas                      ,Escola de Serviço Social                                    ,6,11,0,0,11,0,0,0,11,0,1,1,0,2105853.45
Centro de Filosofia e Ciências Humanas                      ,Núcleo de Estudos em Políticas Públicas de Direitos Humanos,6,4,0,0,4,0,0,0,4,0,0,1,0,453203.57
Centro de Filosofia e Ciências Humanas                      ,Núcleo de Estudos em Políticas Públicas de Direitos Humanos,4,2,0,0,2,0,0,0,2,0,0,0,0,528889.41
Centro de Filosofia e Ciências Humanas                      ,Núcleo de Estudos em Políticas Públicas de Direitos Humanos,7,8,0,0,8,0,0,0,8,0,0,3,1,2033473.81
Centro de Filosofia e Ciências Humanas                      ,Instituto de História ,8,7,0,0,7,0,0,0,7,0,0,1,0,1954358.49
Centro de Filosofia e Ciências Humanas                      ,Instituto de História ,4,8,0,0,8,0,0,0,8,0,0,0,0,744817.85
Centro de Filosofia e Ciências Humanas                      ,Instituto de História ,6,13,0,0,13,0,0,0,13,0,0,1,0,2506982.71
Centro de Filosofia e Ciências Humanas                      ,Instituto de História ,7,21,0,0,21,0,0,0,21,0,1,2,1,5284264.14
Centro de Ciências Jurídicas e Econômicas                   ,Centro de Ciências Jurídicas e Econômicas                   ,6,2,0,0,2,0,0,0,2,0,0,2,0,765270.73
Centro de Ciências Jurídicas e Econômicas                   ,Centro de Ciências Jurídicas e Econômicas                   ,7,3,0,0,3,0,0,0,3,0,0,1,1,559657.11
Centro de Ciências Jurídicas e Econômicas                   ,Faculdade de Direito                                        ,6,28,3,11,14,0,0,1,27,0,3,2,0,3705430.56
Centro de Ciências Jurídicas e Econômicas                   ,Faculdade de Direito                                        ,8,4,0,1,3,0,0,0,4,0,0,1,0,1095401.48
Centro de Ciências Jurídicas e Econômicas                   ,Faculdade de Direito                                        ,7,24,1,12,11,0,0,0,24,0,0,3,1,4468494.59
Centro de Ciências Jurídicas e Econômicas                   ,Faculdade de Direito                                        ,5,13,8,2,3,0,0,13,0,0,0,0,0,951772.14
Centro de Ciências Jurídicas e Econômicas                   ,Faculdade de Direito                                        ,4,22,9,1,12,1,0,2,19,0,1,3,0,2103828.66
Centro de Ciências Jurídicas e Econômicas                   ,Instituto de Pesquisa e Planejamento Urbano Regional/CCJE,8,5,0,0,5,0,0,0,5,0,0,0,0,1692634.53
Centro de Ciências Jurídicas e Econômicas                   ,Instituto de Pesquisa e Planejamento Urbano Regional/CCJE,4,15,0,0,15,0,0,0,15,0,1,1,0,2049679.98
Centro de Ciências Jurídicas e Econômicas                   ,Instituto de Pesquisa e Planejamento Urbano Regional/CCJE,7,10,0,0,10,0,0,0,10,0,0,1,1,2176892.26
Centro de Ciências Jurídicas e Econômicas                   ,Instituto de Pesquisa e Planejamento Urbano Regional/CCJE,5,1,0,0,1,0,0,1,0,0,0,0,0,110371.63
Centro de Ciências Jurídicas e Econômicas                   ,Instituto de Pesquisa e Planejamento Urbano Regional/CCJE,U,1,0,0,1,0,0,0,1,0,0,0,0,258580.12
Centro de Ciências Jurídicas e Econômicas                   ,Instituto de Pesquisa e Planejamento Urbano Regional/CCJE,6,4,0,0,4,0,0,0,4,0,0,0,0,1317854.05
Centro de Ciências Jurídicas e Econômicas                   ,Instituto de Pós-Graduação e Pesquisa Administrativa,6,4,0,0,4,0,0,0,4,0,0,0,1,1110866.28
Centro de Ciências Jurídicas e Econômicas                   ,Instituto de Pós-Graduação e Pesquisa Administrativa,4,3,0,0,3,0,0,0,3,0,0,0,0,488867.65
Centro de Ciências Jurídicas e Econômicas                   ,Instituto de Pós-Graduação e Pesquisa Administrativa,7,11,1,0,10,0,0,0,11,0,0,1,0,2934968.22
Centro de Ciências Jurídicas e Econômicas                   ,Instituto de Pós-Graduação e Pesquisa Administrativa,8,2,0,0,2,0,0,0,2,0,0,0,0,683492.23
Centro de Ciências Jurídicas e Econômicas                   ,Instituto de Economia Ie/CCJE                               ,4,9,0,0,9,0,0,0,9,0,0,0,0,1239518.03
Centro de Ciências Jurídicas e Econômicas                   ,Instituto de Economia Ie/CCJE                               ,7,39,2,0,37,0,0,0,39,0,0,3,1,9732622.22
Centro de Ciências Jurídicas e Econômicas                   ,Instituto de Economia Ie/CCJE                               ,5,3,0,1,2,1,0,2,0,0,0,0,0,342180.58
Centro de Ciências Jurídicas e Econômicas                   ,Instituto de Economia Ie/CCJE                               ,6,28,2,0,26,0,0,1,27,0,0,2,0,5289088.34
Centro de Ciências Jurídicas e Econômicas                   ,Instituto de Economia Ie/CCJE                               ,8,4,0,0,4,0,0,0,4,0,0,0,0,1932955.16
Centro de Ciências Jurídicas e Econômicas                   ,Instituto de Economia Ie/CCJE                               ,U,1,0,0,1,0,0,0,1,0,0,0,0,245926.41
Centro de Ciências Jurídicas e Econômicas                   ,Faculdade de Administração e Ciências Contábeis/CCJE        ,5,15,3,0,12,0,0,15,0,0,0,0,0,1908162.48
Centro de Ciências Jurídicas e Econômicas                   ,Faculdade de Administração e Ciências Contábeis/CCJE        ,8,7,0,1,6,0,0,0,7,0,0,0,1,1881471.62
Centro de Ciências Jurídicas e Econômicas                   ,Faculdade de Administração e Ciências Contábeis/CCJE        ,4,19,5,0,14,1,0,8,10,0,0,0,0,2161486
Centro de Ciências Jurídicas e Econômicas                   ,Faculdade de Administração e Ciências Contábeis/CCJE        ,7,15,0,0,15,0,0,0,15,0,0,1,0,4394013.37
Centro de Ciências Jurídicas e Econômicas                   ,Faculdade de Administração e Ciências Contábeis/CCJE        ,6,43,6,0,37,0,0,3,40,0,0,8,0,6482343.84
Centro de Ciências Jurídicas e Econômicas                   ,Instituto de Relações Internacionais e Defesa /CCJE,6,13,0,0,13,0,0,0,13,0,0,2,0,1087523.39
Centro de Ciências Jurídicas e Econômicas                   ,Instituto de Relações Internacionais e Defesa /CCJE,8,1,0,0,1,0,0,0,1,0,0,1,0,102811.72
Centro de Ciências Jurídicas e Econômicas                   ,Instituto de Relações Internacionais e Defesa /CCJE,7,4,0,0,4,0,0,0,4,0,0,0,0,1887422.73
Centro de Ciências Jurídicas e Econômicas                   ,Instituto de Relações Internacionais e Defesa /CCJE,4,2,0,0,2,0,0,0,2,0,0,1,0,977021.81
Centro de Ciências Jurídicas e Econômicas                   ,Instituto de Relações Internacionais e Defesa /CCJE,5,1,0,0,1,0,0,1,0,0,0,0,0,110908.9
Centro de Ciências da Saúde                                 ,Centro de Ciências da Saúde                                 ,6,5,0,1,4,0,0,0,5,0,2,1,1,982946.64
Centro de Ciências da Saúde                                 ,Centro de Ciências da Saúde                                 ,7,3,0,0,3,0,0,0,3,0,0,2,0,856220.6
Centro de Ciências da Saúde                                 ,Centro de Ciências da Saúde                                 ,4,1,0,0,1,0,0,0,1,0,1,0,0,220871.56
Centro de Ciências da Saúde                                 ,Centro de Ciências da Saúde                                 ,8,1,0,0,1,0,0,0,1,0,0,0,1,433160.57
Centro de Ciências da Saúde                                 ,Faculdade de Medicina                                       ,5,64,6,33,25,2,3,59,0,0,0,0,0,6280380.57
Centro de Ciências da Saúde                                 ,Faculdade de Medicina                                       ,4,48,9,30,9,7,6,14,21,0,1,1,0,4235711.49
Centro de Ciências da Saúde                                 ,Faculdade de Medicina                                       ,8,23,0,6,17,0,0,0,23,0,2,2,1,6888066.89
Centro de Ciências da Saúde                                 ,Faculdade de Medicina                                       ,7,85,6,41,38,0,0,0,85,0,5,6,0,18698071.34
Centro de Ciências da Saúde                                 ,Faculdade de Medicina                                       ,6,107,13,50,44,0,0,7,100,0,6,3,0,15046713.84
Centro de Ciências da Saúde                                 ,Faculdade de Odontologia                                    ,6,24,3,2,19,0,0,1,23,0,2,1,0,4128776.33
Centro de Ciências da Saúde                                 ,Faculdade de Odontologia                                    ,8,14,0,1,13,0,0,0,14,0,1,1,0,4520659.9
Centro de Ciências da Saúde                                 ,Faculdade de Odontologia                                    ,5,6,2,2,2,0,0,6,0,0,0,0,0,566597.19
Centro de Ciências da Saúde                                 ,Faculdade de Odontologia                                    ,4,7,0,0,7,1,0,2,4,0,0,0,0,822335.57
Centro de Ciências da Saúde                                 ,Faculdade de Odontologia                                    ,7,21,1,3,17,0,0,0,21,0,2,1,1,5539133.48
Centro de Ciências da Saúde                                 ,Faculdade de Farmácia                                       ,8,8,0,0,8,0,0,0,8,0,0,0,0,2538229.35
Centro de Ciências da Saúde                                 ,Faculdade de Farmácia                                       ,6,47,1,0,46,0,0,0,47,0,4,1,0,9374170.14
Centro de Ciências da Saúde                                 ,Faculdade de Farmácia                                       ,5,4,0,0,4,0,0,4,0,0,0,0,0,519382.92
Centro de Ciências da Saúde                                 ,Faculdade de Farmácia                                       ,4,2,0,0,2,0,0,0,2,0,0,0,0,545490.32
Centro de Ciências da Saúde                                 ,Faculdade de Farmácia                                       ,7,31,0,0,31,0,0,0,31,0,0,3,1,8085697.8
Centro de Ciências da Saúde                                 ,Escola de Enfermagem                                        ,4,6,0,0,6,0,0,0,6,0,1,0,0,813248.99
Centro de Ciências da Saúde                                 ,Escola de Enfermagem                                        ,7,36,0,0,36,0,0,0,36,0,2,1,1,10383918.04
Centro de Ciências da Saúde                                 ,Escola de Enfermagem                                        ,6,20,0,0,20,0,0,1,19,0,2,1,0,4697245.87
Centro de Ciências da Saúde                                 ,Escola de Enfermagem                                        ,8,9,0,0,9,0,0,0,9,0,0,0,0,3237573.23
Centro de Ciências da Saúde                                 ,Escola de Enfermagem                                        ,5,4,1,0,3,0,0,4,0,0,0,0,0,316640.81
Centro de Ciências da Saúde                                 ,Instituto de Ciências Biomédicas,5,2,1,0,1,0,0,2,0,0,0,0,0,205400.35
Centro de Ciências da Saúde                                 ,Instituto de Ciências Biomédicas,4,8,0,0,8,0,0,0,8,0,0,0,0,1413011.73
Centro de Ciências da Saúde                                 ,Instituto de Ciências Biomédicas,7,30,0,0,30,0,0,0,30,0,1,4,0,7794265.23
Centro de Ciências da Saúde                                 ,Instituto de Ciências Biomédicas,6,27,2,0,25,0,0,0,27,0,1,0,0,4652293.94
Centro de Ciências da Saúde                                 ,Instituto de Ciências Biomédicas,8,11,0,0,11,0,0,0,11,0,0,1,1,4291139.92
Centro de Ciências da Saúde                                 ,Instituto de Microbiologia                                  ,4,5,0,0,5,0,0,0,5,0,0,0,0,999278.78
Centro de Ciências da Saúde                                 ,Instituto de Microbiologia                                  ,8,20,0,0,20,0,0,0,20,0,2,2,1,6979996.05
Centro de Ciências da Saúde                                 ,Instituto de Microbiologia                                  ,6,21,0,0,21,0,0,0,21,0,0,1,0,3827380.28
Centro de Ciências da Saúde                                 ,Instituto de Microbiologia                                  ,7,24,0,0,24,0,0,0,24,0,2,0,0,6863076
Centro de Ciências da Saúde                                 ,Instituto de Nutrição                                       ,5,14,1,0,13,0,1,13,0,0,0,1,0,1420540.51
Centro de Ciências da Saúde                                 ,Instituto de Nutrição                                       ,4,10,1,0,9,1,0,2,7,0,0,0,0,1190838.8
Centro de Ciências da Saúde                                 ,Instituto de Nutrição                                       ,7,22,0,0,22,0,0,0,22,0,1,2,1,6187105.12
Centro de Ciências da Saúde                                 ,Instituto de Nutrição                                       ,8,3,0,0,3,0,0,0,3,0,0,0,0,1132869.31
Centro de Ciências da Saúde                                 ,Instituto de Nutrição                                       ,6,21,0,0,21,0,0,0,21,0,2,2,0,4330944.89
Centro de Ciências da Saúde                                 ,Instituto de Biofísica Carlos Chagas Filho,6,19,0,0,19,0,0,0,19,0,0,0,0,3929686.31
Centro de Ciências da Saúde                                 ,Instituto de Biofísica Carlos Chagas Filho,4,9,0,0,9,0,0,0,9,0,0,0,0,1273980.56
Centro de Ciências da Saúde                                 ,Instituto de Biofísica Carlos Chagas Filho,8,21,0,0,21,0,0,0,21,0,0,1,0,7671240.94
Centro de Ciências da Saúde                                 ,Instituto de Biofísica Carlos Chagas Filho,7,46,1,0,45,1,0,0,45,0,0,3,1,12933009.92
Centro de Ciências da Saúde                                 ,Instituto de Pesquisas de Produtos Naturais Walter Mors/IPPN,6,7,0,0,7,0,0,0,7,0,0,1,0,1306786.78
Centro de Ciências da Saúde                                 ,Instituto de Pesquisas de Produtos Naturais Walter Mors/IPPN,8,4,0,0,4,0,0,0,4,0,0,0,0,1530115.29
Centro de Ciências da Saúde                                 ,Instituto de Pesquisas de Produtos Naturais Walter Mors/IPPN,4,1,0,0,1,0,0,0,1,0,0,0,0,190302.67
Centro de Ciências da Saúde                                 ,Instituto de Pesquisas de Produtos Naturais Walter Mors/IPPN,7,5,0,0,5,0,0,0,5,0,0,0,1,1900705.64
Centro de Ciências da Saúde                                 ,Instituto de Ginecologia                                    ,5,1,0,1,0,0,0,1,0,0,0,0,0,87644.88
Centro de Ciências da Saúde                                 ,Instituto de Ginecologia                                    ,7,1,0,1,0,0,0,0,1,0,0,0,1,199929.43
Centro de Ciências da Saúde                                 ,Instituto de Psiquiatria                                    ,7,3,0,0,3,0,0,0,3,0,0,0,0,995608.95
Centro de Ciências da Saúde                                 ,Instituto de Psiquiatria                                    ,4,2,0,0,2,0,0,0,2,0,0,0,0,165261.6
Centro de Ciências da Saúde                                 ,Instituto de Psiquiatria                                    ,6,7,0,4,3,0,0,0,7,0,0,1,1,1171788.8
Centro de Ciências da Saúde                                 ,Instituto de Psiquiatria                                    ,8,1,0,0,1,0,0,0,1,0,0,1,0,110236.91
Centro de Ciências da Saúde                                 ,Instituto de Puericultura e Pediatria                       ,8,1,0,0,1,0,0,0,1,0,0,1,0,350135.18
Centro de Ciências da Saúde                                 ,Instituto de Doenças do Tórax                               ,8,1,0,0,1,0,0,0,1,0,0,0,1,130739.93
Centro de Ciências da Saúde                                 ,Instituto de Atenção a Saúde São Francisco de Assis,7,1,0,0,1,0,0,0,1,0,0,0,1,322164.44
Centro de Ciências da Saúde                                 ,Escola de Educação Física e Desportos                       ,7,24,0,0,24,0,0,0,24,0,2,2,0,6158944.95
Centro de Ciências da Saúde                                 ,Escola de Educação Física e Desportos                       ,5,17,1,2,14,0,3,14,0,0,1,2,0,2364969.12
Centro de Ciências da Saúde                                 ,Escola de Educação Física e Desportos                       ,6,39,1,0,38,1,1,9,28,0,4,3,1,7462023.78
Centro de Ciências da Saúde                                 ,Escola de Educação Física e Desportos                       ,4,13,2,1,10,3,1,2,7,0,0,0,0,1521549.04
Centro de Ciências da Saúde                                 ,Escola de Educação Física e Desportos                       ,8,3,0,0,3,0,0,0,3,0,0,0,0,581475.9
Centro de Ciências da Saúde                                 ,Instituto de Biologia                                       ,6,17,0,0,17,0,0,0,17,0,1,3,0,3890514.29
Centro de Ciências da Saúde                                 ,Instituto de Biologia                                       ,8,15,0,0,15,0,0,0,15,0,2,1,0,4916221.97
Centro de Ciências da Saúde                                 ,Instituto de Biologia                                       ,7,47,2,0,45,0,0,0,47,0,2,3,1,12449571.89
Centro de Ciências da Saúde                                 ,Instituto de Biologia                                       ,4,8,0,0,8,0,0,0,8,0,0,3,0,1226528.87
Centro de Ciências da Saúde                                 ,Maternidade Escola                                          ,8,1,0,1,0,0,0,0,1,0,0,0,1,220970.14
Centro de Ciências da Saúde                                 ,Maternidade Escola                                          ,7,1,1,0,0,0,0,0,1,0,0,0,0,122254.54
Centro de Ciências da Saúde                                 ,Núcleo de Tecnologia Educacional para a Saúde               ,7,4,0,0,4,0,0,0,4,0,0,0,1,1198121.41
Centro de Ciências da Saúde                                 ,Núcleo de Tecnologia Educacional para a Saúde               ,4,1,0,0,1,0,0,0,1,0,0,0,0,132393.77
Centro de Ciências da Saúde                                 ,Núcleo de Tecnologia Educacional para a Saúde               ,8,1,0,0,1,0,0,0,1,0,0,0,0,343650.02
Centro de Ciências da Saúde                                 ,Núcleo de Tecnologia Educacional para a Saúde               ,6,5,0,0,5,0,0,0,5,0,0,0,0,861452.68
Centro de Ciências da Saúde                                 ,Instituto de Estudos de Saúde Coletiva,7,17,0,1,16,0,0,0,17,0,0,3,1,4748786.06
Centro de Ciências da Saúde                                 ,Instituto de Estudos de Saúde Coletiva,6,13,1,1,11,0,0,1,12,0,0,3,0,2085930.33
Centro de Ciências da Saúde                                 ,Instituto de Estudos de Saúde Coletiva,5,3,1,0,2,0,0,3,0,0,0,0,0,233647.67
Centro de Ciências da Saúde                                 ,Instituto de Estudos de Saúde Coletiva,4,4,0,0,4,0,0,0,4,0,0,1,0,601806.08
Centro de Ciências da Saúde                                 ,Instituto de Estudos de Saúde Coletiva,8,2,0,0,2,0,0,0,2,0,0,0,0,421379.15
Centro de Ciências da Saúde                                 ,Instituto de Bioquímica Médica Leopoldo De Meis,6,12,0,0,12,0,0,0,12,0,0,1,0,1942848.42
Centro de Ciências da Saúde                                 ,Instituto de Bioquímica Médica Leopoldo De Meis,8,9,0,0,9,0,0,0,9,0,0,0,0,2787205.49
Centro de Ciências da Saúde                                 ,Instituto de Bioquímica Médica Leopoldo De Meis,7,23,0,0,23,0,0,0,23,0,0,1,1,6244333.44
Centro de Ciências da Saúde                                 ,Instituto de Bioquímica Médica Leopoldo De Meis,4,6,0,0,6,0,0,0,6,0,0,0,0,824210.37
Centro de Ciências da Saúde                                 ,Núcleo de Pesquisas Ecológicas de Macaé - NUPEM,7,19,0,0,19,0,0,0,19,0,0,0,1,4503736.64
Centro de Ciências da Saúde                                 ,Núcleo de Pesquisas Ecológicas de Macaé - NUPEM,4,4,0,0,4,0,0,0,4,0,0,0,0,1115498.24
Centro de Ciências da Saúde                                 ,Núcleo de Pesquisas Ecológicas de Macaé - NUPEM,6,21,0,0,21,0,0,0,21,0,1,0,0,3659042.81
Centro de Ciências da Saúde                                 ,Núcleo de Pesquisas Ecológicas de Macaé - NUPEM,8,1,0,0,1,0,0,0,1,0,0,0,0,380486.44
Centro de Ciências da Saúde                                 ,Instituto do Coração - ICES,7,1,0,1,0,0,0,0,1,0,0,0,1,209365.7
Centro de Ciências da Saúde                                 ,Centro Nacional de Biologia Estrutural e Bioimagem,4,1,0,0,1,0,0,0,1,0,0,0,0,111860.88
Centro de Ciências da Saúde                                 ,Centro Nacional de Biologia Estrutural e Bioimagem,8,2,0,0,2,0,0,0,2,0,0,2,0,554048.76
Centro de Ciências da Saúde                                 ,Centro Nacional de Biologia Estrutural e Bioimagem,7,2,0,0,2,0,0,0,2,0,0,2,0,678067.75
Centro de Ciências da Saúde                                 ,Centro Nacional de Biologia Estrutural e Bioimagem,6,1,0,0,1,0,0,0,1,0,0,1,0,214349.93
Centro de Ciências da Saúde                                 ,Núcleo de Bioética e Ética Aplicada - NUBEA,8,1,0,0,1,0,0,0,1,0,0,0,0,166102.07
Centro de Ciências da Saúde                                 ,Núcleo de Bioética e Ética Aplicada - NUBEA,6,1,0,0,1,0,0,0,1,0,0,0,0,225110.69
Centro de Ciências da Saúde                                 ,Núcleo de Bioética e Ética Aplicada - NUBEA,7,2,0,0,2,0,0,0,2,0,0,0,0,605796.5
Centro de Ciências da Saúde                                 ,Núcleo de Bioética e Ética Aplicada - NUBEA,5,1,1,0,0,0,0,1,0,0,0,0,0,55343.21
Centro de Tecnologia                                        ,Centro de Tecnologia                                        ,8,1,0,0,1,0,0,0,1,0,0,0,1,715782.45
Centro de Tecnologia                                        ,Centro de Tecnologia                                        ,7,2,0,0,2,0,0,0,2,0,1,1,0,261371.65
Centro de Tecnologia                                        ,Centro de Tecnologia                                        ,6,1,0,0,1,0,0,0,1,0,0,1,0,266225.59
Centro de Tecnologia                                        ,Escola Politécnica ,8,40,0,0,40,0,0,0,40,0,3,2,0,12781500.04
Centro de Tecnologia                                        ,Escola Politécnica ,6,49,0,2,47,0,0,6,43,0,3,7,0,9230003.07
Centro de Tecnologia                                        ,Escola Politécnica ,7,81,1,0,80,0,0,0,81,0,6,9,1,22607950.46
Centro de Tecnologia                                        ,Escola Politécnica ,5,7,5,0,2,4,0,3,0,0,0,0,0,525510.91
Centro de Tecnologia                                        ,Escola Politécnica ,4,19,0,0,19,0,0,0,19,0,0,1,0,2767714.29
Centro de Tecnologia                                        ,Escola de Química                                           ,6,31,0,0,31,0,0,0,31,0,1,4,0,5080091.42
Centro de Tecnologia                                        ,Escola de Química                                           ,8,15,0,0,15,0,0,0,15,0,0,3,1,4935535.94
Centro de Tecnologia                                        ,Escola de Química                                           ,7,31,0,0,31,0,0,0,31,0,3,2,0,9096914.2
Centro de Tecnologia                                        ,Escola de Química                                           ,4,5,0,0,5,0,0,0,5,0,0,0,0,1414460.38
Centro de Tecnologia                                        ,Escola de Química                                           ,5,1,1,0,0,0,0,1,0,0,0,0,0,74959.33
Centro de Tecnologia                                        ,Coordenação de Programas de Pos Graduação em Engenharia     ,4,19,0,0,19,0,0,0,19,0,0,0,0,2566699.91
Centro de Tecnologia                                        ,Coordenação de Programas de Pos Graduação em Engenharia     ,6,21,0,1,20,0,0,0,21,0,0,0,0,4299751.93
Centro de Tecnologia                                        ,Coordenação de Programas de Pos Graduação em Engenharia     ,8,78,0,0,78,0,0,0,78,0,0,10,1,26802521.97
Centro de Tecnologia                                        ,Coordenação de Programas de Pos Graduação em Engenharia     ,7,56,1,0,55,0,0,0,56,0,0,3,0,14486768.75
Centro de Tecnologia                                        ,Instituto de Macromoléculas                                 ,6,4,0,0,4,0,0,0,4,0,0,1,0,1008084.54
Centro de Tecnologia                                        ,Instituto de Macromoléculas                                 ,8,9,0,0,9,0,0,0,9,0,0,1,1,3183754.98
Centro de Tecnologia                                        ,Instituto de Macromoléculas                                 ,7,5,0,0,5,0,0,0,5,0,0,0,0,1295330.19
Centro de Tecnologia                                        ,Núcleo Interdisciplinar para o Desenvolvimento Social / CT,6,1,0,0,1,0,0,0,1,0,0,0,1,208221.72
Centro de Tecnologia                                        ,Núcleo Interdisciplinar para o Desenvolvimento Social / CT,7,1,0,0,1,0,0,0,1,0,0,1,0,298235.06
Fórum de Ciência e Cultura                                  ,Fórum de Ciência e Cultura                                  ,7,1,0,0,1,0,0,0,1,0,0,0,1,184525.67
Fórum de Ciência e Cultura                                  ,Fórum de Ciência e Cultura                                  ,5,1,0,0,1,0,0,1,0,0,0,0,1,47680.03
Fórum de Ciência e Cultura                                  ,Fórum de Ciência e Cultura                                  ,8,1,0,0,1,0,0,0,1,0,0,0,1,588349.53
Fórum de Ciência e Cultura                                  ,Fórum de Ciência e Cultura                                  ,6,1,0,0,1,0,0,1,0,0,0,0,0,217468.67
Fórum de Ciência e Cultura                                  ,Museu Nacional/FCC                                          ,8,26,1,0,25,0,0,0,26,0,0,1,1,8686496.26
Fórum de Ciência e Cultura                                  ,Museu Nacional/FCC                                          ,6,14,0,0,14,0,0,0,14,0,0,1,0,3308892.53
Fórum de Ciência e Cultura                                  ,Museu Nacional/FCC                                          ,U,1,0,0,1,0,0,0,1,0,0,1,0,281375.25
Fórum de Ciência e Cultura                                  ,Museu Nacional/FCC                                          ,4,5,0,0,5,0,0,0,5,0,0,0,0,675996.79
Fórum de Ciência e Cultura                                  ,Museu Nacional/FCC                                          ,7,39,0,0,39,0,0,0,39,0,0,9,0,10364010.78
Fórum de Ciência e Cultura                                  ,Casa da Ciência/FCC,6,1,0,0,1,0,0,0,1,0,0,0,0,50581.15
Fórum de Ciência e Cultura                                  ,Universidade da Cidadania/FCC,7,1,0,0,1,0,0,0,1,0,0,0,0,267719.69
Fórum de Ciência e Cultura                                  ,Núcleo de Rádio e TV/FCC,4,1,0,0,1,0,0,0,1,0,1,0,0,114832.81
Superintendência Geral de Graduação e Corpo Discente        ,Superintendência Geral de Graduação e Corpo Discente        ,6,0,0,0,0,0,0,0,0,0,0,0,0,246720.37
Superintendência Geral de Graduação e Corpo Discente        ,Superintendência Geral de Graduação e Corpo Discente        ,5,0,0,0,0,0,0,0,0,0,0,0,0,102880.75
PR-6 Pró-Reitoria de Gestão e Governança,PR-6 Pró-Reitoria de Gestão e Governança,5,0,0,0,0,0,0,0,0,0,0,0,0,12412.68
Superintendência Geral para Graduados e Pesquisa            ,Superintendência Geral para Graduados e Pesquisa            ,8,0,0,0,0,0,0,0,0,0,0,0,0,350376.12
PR-5 Pró-Reitoria de Extensão,PR-5 Pró-Reitoria de Extensão,6,0,0,0,0,0,0,0,0,0,0,0,0,103092.13
Centro de Ciências Jurídicas e Econômicas                   ,Centro de Ciências Jurídicas e Econômicas                   ,4,0,0,0,0,0,0,0,0,0,0,0,0,195512.8
Fórum de Ciência e Cultura                                  ,Universidade da Cidadania/FCC,5,0,0,0,0,0,0,0,0,0,0,0,0,77358.92
Fórum de Ciência e Cultura                                  ,Fórum de Ciência e Cultura                                  ,4,0,0,0,0,0,0,0,0,0,0,0,0,30176.76
Centro de Ciências da Saúde                                 ,Instituto de Doenças do Tórax                               ,7,0,0,0,0,0,0,0,0,0,0,0,0,221005.28
Centro de Ciências Matemáticas e da Natureza                ,Instituto de Física                                         ,5,0,0,0,0,0,0,0,0,0,0,0,0,129862.04
Centro de Ciências da Saúde                                 ,Instituto de Neurologia                                     ,6,0,0,0,0,0,0,0,0,0,0,0,0,141158.82
Fórum de Ciência e Cultura                                  ,Núcleo de Rádio e TV/FCC,7,0,0,0,0,0,0,0,0,0,0,0,0,113390.06
Centro de Ciências da Saúde                                 ,Instituto de Biologia                                       ,5,0,0,0,0,0,0,0,0,0,0,0,0,100017.87
Centro de Tecnologia                                        ,Núcleo Interdisciplinar para o Desenvolvimento Social / CT,8,0,0,0,0,0,0,0,0,0,0,0,0,124840.17
