Ano,Órgão Orçamentário,Unidade Orçamentária,Grupo de Despesa,Resultado Primário,Projeto de Lei,Dotação Inicial,Dotação Atual,Empenhado,Liquidado,Pago
Total,TOTAL,TOTAL,TOTAL,TOTAL,43.313.486.530,43.462.265.319,47.339.290.738,43.908.027.776,42.466.196.926,41.566.331.774
2000,26000 - Ministério da Educação,26245 - Universidade Federal do Rio de Janeiro,1 - Pessoal e Encargos Sociais,1 - Primária obrigatória,539.992.879,539.992.879,571.796.182,571.796.182,571.796.182,571.796.182
2000,26000 - Ministério da Educação,26245 - Universidade Federal do Rio de Janeiro,2 - Juros e Encargos da Dívida,0 - Financeira,7.000,7.000,7.000,0,0,0
2000,26000 - Ministério da Educação,26245 - Universidade Federal do Rio de Janeiro,3 - Outras Despesas Correntes,1 - Primária obrigatória,19.327.473,19.327.473,21.100.183,20.601.283,20.601.283,20.599.385
2000,26000 - Ministério da Educação,26245 - Universidade Federal do Rio de Janeiro,3 - Outras Despesas Correntes,2 - Primária discricionária,37.861.171,38.561.171,39.314.009,37.653.309,37.653.309,34.956.980
2000,26000 - Ministério da Educação,26245 - Universidade Federal do Rio de Janeiro,4 - Investimentos,2 - Primária discricionária,1.968.406,2.083.406,2.083.406,1.288.170,1.288.170,833.379
2001,26000 - Ministério da Educação,26245 - Universidade Federal do Rio de Janeiro,1 - Pessoal e Encargos Sociais,0 - Financeira,0,0,0,320.116.620,320.116.620,270.510.124
2001,26000 - Ministério da Educação,26245 - Universidade Federal do Rio de Janeiro,1 - Pessoal e Encargos Sociais,1 - Primária obrigatória,581.985.048,581.985.048,592.027.992,277.324.325,277.324.325,326.903.662
2001,26000 - Ministério da Educação,26245 - Universidade Federal do Rio de Janeiro,3 - Outras Despesas Correntes,0 - Financeira,0,0,0,33.581.910,33.581.910,17.873.948
2001,26000 - Ministério da Educação,26245 - Universidade Federal do Rio de Janeiro,3 - Outras Despesas Correntes,1 - Primária obrigatória,18.671.834,18.566.613,20.604.962,19.114.820,19.114.820,19.065.397
2001,26000 - Ministério da Educação,26245 - Universidade Federal do Rio de Janeiro,3 - Outras Despesas Correntes,2 - Primária discricionária,37.478.671,37.440.410,38.314.303,3.875.069,3.875.069,15.122.890
2001,26000 - Ministério da Educação,26245 - Universidade Federal do Rio de Janeiro,4 - Investimentos,0 - Financeira,0,0,0,1.847.077,1.847.077,828.028
2001,26000 - Ministério da Educação,26245 - Universidade Federal do Rio de Janeiro,4 - Investimentos,2 - Primária discricionária,1.700.000,1.700.000,2.700.000,0,0,274.791
2002,26000 - Ministério da Educação,26245 - Universidade Federal do Rio de Janeiro,1 - Pessoal e Encargos Sociais,1 - Primária obrigatória,597.792.522,548.879.980,700.686.900,700.686.900,700.686.900,700.644.590
2002,26000 - Ministério da Educação,26245 - Universidade Federal do Rio de Janeiro,3 - Outras Despesas Correntes,1 - Primária obrigatória,25.391.934,25.391.934,25.017.994,20.224.287,20.224.287,20.218.175
2002,26000 - Ministério da Educação,26245 - Universidade Federal do Rio de Janeiro,3 - Outras Despesas Correntes,2 - Primária discricionária,41.642.960,41.642.960,46.165.923,45.501.141,45.501.141,42.662.564
2002,26000 - Ministério da Educação,26245 - Universidade Federal do Rio de Janeiro,4 - Investimentos,2 - Primária discricionária,1.250.000,1.965.000,2.484.000,1.389.793,1.389.793,838.899
2002,26000 - Ministério da Educação,26245 - Universidade Federal do Rio de Janeiro,5 - Inversões Financeiras,1 - Primária obrigatória,94,94,94,94,94,0
2003,26000 - Ministério da Educação,26245 - Universidade Federal do Rio de Janeiro,1 - Pessoal e Encargos Sociais,1 - Primária obrigatória,723.514.828,723.514.828,826.096.404,826.054.957,826.054.957,825.879.209
2003,26000 - Ministério da Educação,26245 - Universidade Federal do Rio de Janeiro,3 - Outras Despesas Correntes,1 - Primária obrigatória,19.974.158,19.974.158,23.942.425,23.941.850,23.941.850,23.917.558
2003,26000 - Ministério da Educação,26245 - Universidade Federal do Rio de Janeiro,3 - Outras Despesas Correntes,2 - Primária discricionária,43.267.653,43.267.653,56.100.248,56.095.440,56.091.289,38.457.407
2003,26000 - Ministério da Educação,26245 - Universidade Federal do Rio de Janeiro,4 - Investimentos,2 - Primária discricionária,1.600.000,1.600.000,2.410.842,2.410.842,2.410.842,1.277.263
2004,26000 - Ministério da Educação,26245 - Universidade Federal do Rio de Janeiro,1 - Pessoal e Encargos Sociais,1 - Primária obrigatória,799.846.084,799.846.084,955.342.802,955.342.801,955.342.801,952.424.072
2004,26000 - Ministério da Educação,26245 - Universidade Federal do Rio de Janeiro,3 - Outras Despesas Correntes,1 - Primária obrigatória,27.383.625,27.383.625,30.781.058,30.781.057,30.781.057,30.243.215
2004,26000 - Ministério da Educação,26245 - Universidade Federal do Rio de Janeiro,3 - Outras Despesas Correntes,2 - Primária discricionária,50.481.467,51.188.467,53.455.130,52.257.301,52.257.301,45.748.875
2004,26000 - Ministério da Educação,26245 - Universidade Federal do Rio de Janeiro,4 - Investimentos,2 - Primária discricionária,4.900.000,5.150.000,4.080.828,3.911.012,3.911.012,2.036.591
2005,26000 - Ministério da Educação,26245 - Universidade Federal do Rio de Janeiro,1 - Pessoal e Encargos Sociais,0 - Financeira,114.569.395,114.569.395,126.625.375,3.804.988,3.804.988,0
2005,26000 - Ministério da Educação,26245 - Universidade Federal do Rio de Janeiro,1 - Pessoal e Encargos Sociais,1 - Primária obrigatória,892.346.159,892.346.159,981.126.913,981.126.907,981.126.907,979.406.019
2005,26000 - Ministério da Educação,26245 - Universidade Federal do Rio de Janeiro,3 - Outras Despesas Correntes,1 - Primária obrigatória,34.434.344,34.434.344,33.918.203,33.030.097,33.030.097,32.446.499
2005,26000 - Ministério da Educação,26245 - Universidade Federal do Rio de Janeiro,3 - Outras Despesas Correntes,2 - Primária discricionária,68.178.775,68.178.775,71.865.328,67.442.592,67.442.592,59.728.417
2005,26000 - Ministério da Educação,26245 - Universidade Federal do Rio de Janeiro,4 - Investimentos,2 - Primária discricionária,1.000.000,1.000.000,1.000.000,265.647,265.647,105.499
2006,26000 - Ministério da Educação,26245 - Universidade Federal do Rio de Janeiro,1 - Pessoal e Encargos Sociais,0 - Financeira,119.080.465,119.080.465,136.720.465,136.720.465,136.720.465,84.484.914
2006,26000 - Ministério da Educação,26245 - Universidade Federal do Rio de Janeiro,1 - Pessoal e Encargos Sociais,1 - Primária obrigatória,918.300.721,918.300.721,1.136.330.324,1.136.330.319,1.136.330.319,1.136.253.100
2006,26000 - Ministério da Educação,26245 - Universidade Federal do Rio de Janeiro,3 - Outras Despesas Correntes,1 - Primária obrigatória,35.806.901,35.806.901,34.841.901,34.191.372,34.191.372,34.191.372
2006,26000 - Ministério da Educação,26245 - Universidade Federal do Rio de Janeiro,3 - Outras Despesas Correntes,2 - Primária discricionária,92.581.967,92.672.548,92.185.379,90.988.286,90.988.286,87.822.084
2006,26000 - Ministério da Educação,26245 - Universidade Federal do Rio de Janeiro,4 - Investimentos,2 - Primária discricionária,1.127.633,2.727.633,2.345.725,482.576,482.576,105.657
2007,26000 - Ministério da Educação,26245 - Universidade Federal do Rio de Janeiro,1 - Pessoal e Encargos Sociais,0 - Financeira,123.943.975,123.943.975,89.943.975,97.181.376,88.162.878,8.454.423
2007,26000 - Ministério da Educação,26245 - Universidade Federal do Rio de Janeiro,1 - Pessoal e Encargos Sociais,1 - Primária obrigatória,1.146.922.950,1.146.922.950,1.185.822.937,1.178.585.530,1.178.423.282,1.178.423.282
2007,26000 - Ministério da Educação,26245 - Universidade Federal do Rio de Janeiro,3 - Outras Despesas Correntes,1 - Primária obrigatória,32.786.407,32.786.407,35.726.003,35.726.003,33.937.100,33.937.100
2007,26000 - Ministério da Educação,26245 - Universidade Federal do Rio de Janeiro,3 - Outras Despesas Correntes,2 - Primária discricionária,101.683.002,102.233.002,112.199.037,109.114.363,101.722.993,99.584.804
2007,26000 - Ministério da Educação,26245 - Universidade Federal do Rio de Janeiro,4 - Investimentos,2 - Primária discricionária,4.757.889,9.607.889,8.694.921,4.033.243,781.773,746.625
2008,26000 - Ministério da Educação,26245 - Universidade Federal do Rio de Janeiro,1 - Pessoal e Encargos Sociais,0 - Financeira,88.287.427,88.287.427,99.531.179,99.531.179,92.696.009,92.696.009
2008,26000 - Ministério da Educação,26245 - Universidade Federal do Rio de Janeiro,1 - Pessoal e Encargos Sociais,1 - Primária obrigatória,1.167.069.321,1.167.069.321,1.293.079.045,1.293.070.423,1.287.744.725,1.282.721.414
2008,26000 - Ministério da Educação,26245 - Universidade Federal do Rio de Janeiro,3 - Outras Despesas Correntes,1 - Primária obrigatória,38.873.098,38.873.098,35.914.770,35.914.769,35.914.769,35.914.769
2008,26000 - Ministério da Educação,26245 - Universidade Federal do Rio de Janeiro,3 - Outras Despesas Correntes,2 - Primária discricionária,127.070.472,127.470.718,117.001.270,110.611.861,107.995.145,107.692.249
2008,26000 - Ministério da Educação,26245 - Universidade Federal do Rio de Janeiro,4 - Investimentos,2 - Primária discricionária,1.084.177,1.084.177,6.839.488,6.523.909,458.401,436.848
2009,26000 - Ministério da Educação,26245 - Universidade Federal do Rio de Janeiro,1 - Pessoal e Encargos Sociais,0 - Financeira,64.314.457,64.314.457,93.598.389,86.307.958,86.307.958,86.307.958
2009,26000 - Ministério da Educação,26245 - Universidade Federal do Rio de Janeiro,1 - Pessoal e Encargos Sociais,1 - Primária obrigatória,891.849.181,891.849.181,1.235.374.303,1.227.617.200,1.227.579.276,1.127.970.818
2009,26000 - Ministério da Educação,26245 - Universidade Federal do Rio de Janeiro,1 - Pessoal e Encargos Sociais,2 - Primária discricionária,0,0,0,101.842,101.842,0
2009,26000 - Ministério da Educação,26245 - Universidade Federal do Rio de Janeiro,3 - Outras Despesas Correntes,1 - Primária obrigatória,56.505.487,56.505.487,33.074.010,30.552.481,30.552.118,30.552.118
2009,26000 - Ministério da Educação,26245 - Universidade Federal do Rio de Janeiro,3 - Outras Despesas Correntes,2 - Primária discricionária,150.558.428,144.069.786,171.207.307,150.986.970,142.876.459,141.232.957
2009,26000 - Ministério da Educação,26245 - Universidade Federal do Rio de Janeiro,4 - Investimentos,2 - Primária discricionária,21.732.933,22.782.933,21.118.512,20.068.508,7.942.825,7.687.963
2009,26000 - Ministério da Educação,26378 - Complexo Hospitalar e de Saúde da Universidade Federal do Rio de Janeiro,1 - Pessoal e Encargos Sociais,0 - Financeira,23.790.866,23.790.866,23.790.866,19.366.920,19.366.920,19.366.920
2009,26000 - Ministério da Educação,26378 - Complexo Hospitalar e de Saúde da Universidade Federal do Rio de Janeiro,1 - Pessoal e Encargos Sociais,1 - Primária obrigatória,275.173.914,275.173.914,220.173.914,214.220.064,214.220.064,212.123.576
2009,26000 - Ministério da Educação,26378 - Complexo Hospitalar e de Saúde da Universidade Federal do Rio de Janeiro,3 - Outras Despesas Correntes,1 - Primária obrigatória,20.505.396,20.505.396,16.855.565,10.783.113,10.783.113,10.783.113
2009,26000 - Ministério da Educação,26378 - Complexo Hospitalar e de Saúde da Universidade Federal do Rio de Janeiro,3 - Outras Despesas Correntes,2 - Primária discricionária,16.920.606,19.070.606,19.070.606,18.937.216,16.396.869,15.900.593
2009,26000 - Ministério da Educação,26378 - Complexo Hospitalar e de Saúde da Universidade Federal do Rio de Janeiro,4 - Investimentos,2 - Primária discricionária,0,1.000.000,1.000.000,0,0,0
2010,26000 - Ministério da Educação,26245 - Universidade Federal do Rio de Janeiro,1 - Pessoal e Encargos Sociais,0 - Financeira,84.368.425,84.368.425,105.878.425,96.356.707,96.356.707,96.356.707
2010,26000 - Ministério da Educação,26245 - Universidade Federal do Rio de Janeiro,1 - Pessoal e Encargos Sociais,1 - Primária obrigatória,1.155.369.868,1.155.369.868,1.367.981.440,1.360.517.461,1.360.517.461,1.360.506.374
2010,26000 - Ministério da Educação,26245 - Universidade Federal do Rio de Janeiro,3 - Outras Despesas Correntes,1 - Primária obrigatória,61.765.188,61.765.188,55.986.315,55.129.748,53.944.168,53.730.572
2010,26000 - Ministério da Educação,26245 - Universidade Federal do Rio de Janeiro,3 - Outras Despesas Correntes,2 - Primária discricionária,181.579.359,181.779.359,186.254.359,186.248.169,179.812.912,175.687.445
2010,26000 - Ministério da Educação,26245 - Universidade Federal do Rio de Janeiro,4 - Investimentos,2 - Primária discricionária,23.507.007,24.557.007,27.134.214,27.133.883,16.050.510,15.336.183
2010,26000 - Ministério da Educação,26378 - Complexo Hospitalar e de Saúde da Universidade Federal do Rio de Janeiro,1 - Pessoal e Encargos Sociais,0 - Financeira,21.956.506,21.956.506,29.956.506,27.474.736,27.474.736,27.474.736
2010,26000 - Ministério da Educação,26378 - Complexo Hospitalar e de Saúde da Universidade Federal do Rio de Janeiro,1 - Pessoal e Encargos Sociais,1 - Primária obrigatória,224.451.300,224.451.300,302.855.300,298.828.294,298.828.294,298.828.294
2010,26000 - Ministério da Educação,26378 - Complexo Hospitalar e de Saúde da Universidade Federal do Rio de Janeiro,3 - Outras Despesas Correntes,1 - Primária obrigatória,17.204.839,17.204.839,23.675.317,22.775.736,21.651.685,21.651.685
2010,26000 - Ministério da Educação,26378 - Complexo Hospitalar e de Saúde da Universidade Federal do Rio de Janeiro,3 - Outras Despesas Correntes,2 - Primária discricionária,6.970.970,6.970.970,6.970.970,6.909.523,6.199.299,6.081.129
2010,26000 - Ministério da Educação,26378 - Complexo Hospitalar e de Saúde da Universidade Federal do Rio de Janeiro,4 - Investimentos,2 - Primária discricionária,0,1.550.000,1.550.000,285.747,120.575,74.050
2011,26000 - Ministério da Educação,26245 - Universidade Federal do Rio de Janeiro,1 - Pessoal e Encargos Sociais,0 - Financeira,97.674.498,97.674.498,128.122.640,121.701.062,121.588.111,121.588.111
2011,26000 - Ministério da Educação,26245 - Universidade Federal do Rio de Janeiro,1 - Pessoal e Encargos Sociais,1 - Primária obrigatória,1.262.104.217,1.262.104.217,1.483.074.129,1.475.421.515,1.475.421.515,1.473.477.499
2011,26000 - Ministério da Educação,26245 - Universidade Federal do Rio de Janeiro,3 - Outras Despesas Correntes,1 - Primária obrigatória,52.515.485,52.515.485,59.352.232,58.946.550,58.915.715,58.908.078
2011,26000 - Ministério da Educação,26245 - Universidade Federal do Rio de Janeiro,3 - Outras Despesas Correntes,2 - Primária discricionária,256.228.005,256.728.005,284.071.005,277.488.309,263.705.635,262.308.753
2011,26000 - Ministério da Educação,26245 - Universidade Federal do Rio de Janeiro,4 - Investimentos,2 - Primária discricionária,109.627.480,110.627.480,97.827.480,92.223.628,21.791.267,21.114.369
2011,26000 - Ministério da Educação,26378 - Complexo Hospitalar e de Saúde da Universidade Federal do Rio de Janeiro,1 - Pessoal e Encargos Sociais,0 - Financeira,27.972.397,27.972.397,32.628.488,30.038.831,30.038.831,30.038.831
2011,26000 - Ministério da Educação,26378 - Complexo Hospitalar e de Saúde da Universidade Federal do Rio de Janeiro,1 - Pessoal e Encargos Sociais,1 - Primária obrigatória,270.157.515,270.157.515,330.966.646,324.179.216,324.179.216,324.179.216
2011,26000 - Ministério da Educação,26378 - Complexo Hospitalar e de Saúde da Universidade Federal do Rio de Janeiro,3 - Outras Despesas Correntes,1 - Primária obrigatória,21.546.236,21.546.236,23.046.656,22.167.171,21.754.364,21.754.364
2011,26000 - Ministério da Educação,26378 - Complexo Hospitalar e de Saúde da Universidade Federal do Rio de Janeiro,3 - Outras Despesas Correntes,2 - Primária discricionária,4.841,4.004.841,4.004.841,0,0,0
2011,26000 - Ministério da Educação,26378 - Complexo Hospitalar e de Saúde da Universidade Federal do Rio de Janeiro,4 - Investimentos,2 - Primária discricionária,0,17.000.000,17.000.000,999.574,0,0
2012,26000 - Ministério da Educação,26245 - Universidade Federal do Rio de Janeiro,1 - Pessoal e Encargos Sociais,0 - Financeira,120.564.265,120.564.265,140.947.543,110.208.098,110.208.098,110.208.098
2012,26000 - Ministério da Educação,26245 - Universidade Federal do Rio de Janeiro,1 - Pessoal e Encargos Sociais,1 - Primária obrigatória,1.454.479.547,1.454.479.547,1.567.104.185,1.556.372.776,1.556.372.776,1.556.372.154
2012,26000 - Ministério da Educação,26245 - Universidade Federal do Rio de Janeiro,3 - Outras Despesas Correntes,1 - Primária obrigatória,62.374.699,62.374.699,65.698.791,63.578.934,63.327.834,63.327.274
2012,26000 - Ministério da Educação,26245 - Universidade Federal do Rio de Janeiro,3 - Outras Despesas Correntes,2 - Primária discricionária,327.594.091,329.194.091,357.290.791,346.881.408,292.580.614,286.734.074
2012,26000 - Ministério da Educação,26245 - Universidade Federal do Rio de Janeiro,4 - Investimentos,2 - Primária discricionária,55.936.308,83.796.308,130.532.875,63.539.063,34.884.667,34.148.830
2012,26000 - Ministério da Educação,26378 - Complexo Hospitalar e de Saúde da Universidade Federal do Rio de Janeiro,1 - Pessoal e Encargos Sociais,0 - Financeira,33.333.250,33.333.250,33.333.250,28.936.221,28.936.221,28.936.221
2012,26000 - Ministério da Educação,26378 - Complexo Hospitalar e de Saúde da Universidade Federal do Rio de Janeiro,1 - Pessoal e Encargos Sociais,1 - Primária obrigatória,327.556.573,327.556.573,330.556.573,328.290.353,328.290.353,328.290.353
2012,26000 - Ministério da Educação,26378 - Complexo Hospitalar e de Saúde da Universidade Federal do Rio de Janeiro,3 - Outras Despesas Correntes,1 - Primária obrigatória,22.313.671,22.313.671,22.867.698,22.359.127,22.076.752,22.076.752
2012,26000 - Ministério da Educação,26378 - Complexo Hospitalar e de Saúde da Universidade Federal do Rio de Janeiro,3 - Outras Despesas Correntes,2 - Primária discricionária,900.608,900.608,900.608,899.850,899.850,899.850
2012,26000 - Ministério da Educação,26378 - Complexo Hospitalar e de Saúde da Universidade Federal do Rio de Janeiro,4 - Investimentos,2 - Primária discricionária,6.690.200,7.890.200,7.890.200,7.887.261,2.868.697,1.917.221
2013,26000 - Ministério da Educação,26245 - Universidade Federal do Rio de Janeiro,1 - Pessoal e Encargos Sociais,0 - Financeira,115.300.321,115.300.321,142.586.456,130.978.049,130.978.049,130.978.049
2013,26000 - Ministério da Educação,26245 - Universidade Federal do Rio de Janeiro,1 - Pessoal e Encargos Sociais,1 - Primária obrigatória,1.507.385.493,1.507.385.493,1.759.833.688,1.748.791.079,1.748.791.079,1.748.790.996
2013,26000 - Ministério da Educação,26245 - Universidade Federal do Rio de Janeiro,3 - Outras Despesas Correntes,1 - Primária obrigatória,64.426.838,64.426.838,77.737.851,76.557.447,75.880.244,75.880.244
2013,26000 - Ministério da Educação,26245 - Universidade Federal do Rio de Janeiro,3 - Outras Despesas Correntes,2 - Primária discricionária,360.339.948,362.139.948,386.026.264,361.283.823,305.572.080,291.986.696
2013,26000 - Ministério da Educação,26245 - Universidade Federal do Rio de Janeiro,4 - Investimentos,2 - Primária discricionária,56.311.248,72.061.248,104.910.585,68.251.296,40.272.523,36.006.362
2013,26000 - Ministério da Educação,26378 - Complexo Hospitalar e de Saúde da Universidade Federal do Rio de Janeiro,1 - Pessoal e Encargos Sociais,0 - Financeira,33.333.250,33.333.250,33.333.250,32.372.571,32.372.571,32.372.571
2013,26000 - Ministério da Educação,26378 - Complexo Hospitalar e de Saúde da Universidade Federal do Rio de Janeiro,1 - Pessoal e Encargos Sociais,1 - Primária obrigatória,322.045.944,322.045.944,352.495.952,345.488.380,345.488.380,345.488.380
2013,26000 - Ministério da Educação,26378 - Complexo Hospitalar e de Saúde da Universidade Federal do Rio de Janeiro,3 - Outras Despesas Correntes,1 - Primária obrigatória,22.806.680,22.806.680,25.608.354,24.050.438,23.731.056,23.731.056
2013,26000 - Ministério da Educação,26378 - Complexo Hospitalar e de Saúde da Universidade Federal do Rio de Janeiro,4 - Investimentos,2 - Primária discricionária,0,2.600.000,2.600.000,1.900.000,0,0
2014,26000 - Ministério da Educação,26245 - Universidade Federal do Rio de Janeiro,1 - Pessoal e Encargos Sociais,0 - Financeira,126.520.976,126.520.976,207.367.940,207.069.101,207.037.471,207.037.471
2014,26000 - Ministério da Educação,26245 - Universidade Federal do Rio de Janeiro,1 - Pessoal e Encargos Sociais,1 - Primária obrigatória,1.729.855.849,1.729.855.849,1.942.224.587,1.935.876.775,1.935.631.487,1.935.606.640
2014,26000 - Ministério da Educação,26245 - Universidade Federal do Rio de Janeiro,3 - Outras Despesas Correntes,1 - Primária obrigatória,92.719.475,92.719.475,92.794.275,92.114.007,90.578.926,90.226.368
2014,26000 - Ministério da Educação,26245 - Universidade Federal do Rio de Janeiro,3 - Outras Despesas Correntes,2 - Primária discricionária,354.367.175,354.367.175,386.809.119,323.944.175,313.445.047,306.964.074
2014,26000 - Ministério da Educação,26245 - Universidade Federal do Rio de Janeiro,3 - Outras Despesas Correntes,"6 - Primária discricionária, decorrente de emendas individuais, considerada no cálculo do RP",0,300.000,300.000,299.998,183.937,10.697
2014,26000 - Ministério da Educação,26245 - Universidade Federal do Rio de Janeiro,4 - Investimentos,2 - Primária discricionária,54.207.332,54.207.332,47.207.332,39.895.701,30.243.521,28.686.018
2014,26000 - Ministério da Educação,26245 - Universidade Federal do Rio de Janeiro,4 - Investimentos,"6 - Primária discricionária, decorrente de emendas individuais, considerada no cálculo do RP",0,800.000,800.000,799.621,173.124,173.124
2014,26000 - Ministério da Educação,26378 - Complexo Hospitalar e de Saúde da Universidade Federal do Rio de Janeiro,1 - Pessoal e Encargos Sociais,0 - Financeira,33.999.915,33.999.915,64.317.447,64.063.776,64.063.776,64.063.776
2014,26000 - Ministério da Educação,26378 - Complexo Hospitalar e de Saúde da Universidade Federal do Rio de Janeiro,1 - Pessoal e Encargos Sociais,1 - Primária obrigatória,347.605.334,347.605.334,375.995.046,374.660.626,374.660.626,374.660.252
2014,26000 - Ministério da Educação,26378 - Complexo Hospitalar e de Saúde da Universidade Federal do Rio de Janeiro,3 - Outras Despesas Correntes,1 - Primária obrigatória,26.215.140,26.215.140,26.277.357,25.798.003,25.783.274,25.673.969
2014,26000 - Ministério da Educação,26378 - Complexo Hospitalar e de Saúde da Universidade Federal do Rio de Janeiro,3 - Outras Despesas Correntes,2 - Primária discricionária,0,0,7.500.000,0,0,0
2014,26000 - Ministério da Educação,26378 - Complexo Hospitalar e de Saúde da Universidade Federal do Rio de Janeiro,3 - Outras Despesas Correntes,"6 - Primária discricionária, decorrente de emendas individuais, considerada no cálculo do RP",0,0,1.013.306,1.013.154,520.013,0
2014,26000 - Ministério da Educação,26378 - Complexo Hospitalar e de Saúde da Universidade Federal do Rio de Janeiro,4 - Investimentos,2 - Primária discricionária,10.500.000,10.500.000,3.000.000,2.999.991,176.600,176.600
2014,26000 - Ministério da Educação,26378 - Complexo Hospitalar e de Saúde da Universidade Federal do Rio de Janeiro,4 - Investimentos,"6 - Primária discricionária, decorrente de emendas individuais, considerada no cálculo do RP",0,1.993.000,979.694,979.694,974.952,854.771
2015,26000 - Ministério da Educação,26245 - Universidade Federal do Rio de Janeiro,1 - Pessoal e Encargos Sociais,0 - Financeira,194.367.202,194.367.202,223.962.969,223.870.442,223.284.785,223.284.785
2015,26000 - Ministério da Educação,26245 - Universidade Federal do Rio de Janeiro,1 - Pessoal e Encargos Sociais,1 - Primária obrigatória,1.925.747.817,1.925.747.817,2.087.114.549,2.086.387.671,2.078.320.639,2.078.259.321
2015,26000 - Ministério da Educação,26245 - Universidade Federal do Rio de Janeiro,3 - Outras Despesas Correntes,1 - Primária obrigatória,83.177.112,83.177.112,82.217.789,80.845.438,80.631.260,80.631.260
2015,26000 - Ministério da Educação,26245 - Universidade Federal do Rio de Janeiro,3 - Outras Despesas Correntes,2 - Primária discricionária,372.629.528,374.629.528,417.561.454,355.611.110,337.059.235,317.390.879
2015,26000 - Ministério da Educação,26245 - Universidade Federal do Rio de Janeiro,3 - Outras Despesas Correntes,"6 - Primária discricionária, decorrente de emendas individuais, considerada no cálculo do RP",0,5.084.000,6.584.000,3.340.000,0,0
2015,26000 - Ministério da Educação,26245 - Universidade Federal do Rio de Janeiro,4 - Investimentos,2 - Primária discricionária,65.778.429,80.778.429,57.159.503,31.463.957,13.894.508,5.645.496
2015,26000 - Ministério da Educação,26245 - Universidade Federal do Rio de Janeiro,4 - Investimentos,"6 - Primária discricionária, decorrente de emendas individuais, considerada no cálculo do RP",0,3.440.000,1.940.000,1.336.191,32.937,0
2015,26000 - Ministério da Educação,26378 - Complexo Hospitalar e de Saúde da Universidade Federal do Rio de Janeiro,1 - Pessoal e Encargos Sociais,0 - Financeira,65.000.000,65.000.000,69.000.000,69.000.000,69.000.000,69.000.000
2015,26000 - Ministério da Educação,26378 - Complexo Hospitalar e de Saúde da Universidade Federal do Rio de Janeiro,1 - Pessoal e Encargos Sociais,1 - Primária obrigatória,370.938.995,370.938.995,408.334.690,408.240.993,407.696.168,407.696.168
2015,26000 - Ministério da Educação,26378 - Complexo Hospitalar e de Saúde da Universidade Federal do Rio de Janeiro,3 - Outras Despesas Correntes,1 - Primária obrigatória,27.410.443,27.410.443,26.697.831,26.012.868,25.970.561,25.970.561
2015,26000 - Ministério da Educação,26378 - Complexo Hospitalar e de Saúde da Universidade Federal do Rio de Janeiro,3 - Outras Despesas Correntes,2 - Primária discricionária,0,500.000,3.500.000,499.948,499.948,0
2015,26000 - Ministério da Educação,26378 - Complexo Hospitalar e de Saúde da Universidade Federal do Rio de Janeiro,3 - Outras Despesas Correntes,"6 - Primária discricionária, decorrente de emendas individuais, considerada no cálculo do RP",0,1.650.000,1.650.000,1.000.000,0,0
2015,26000 - Ministério da Educação,26378 - Complexo Hospitalar e de Saúde da Universidade Federal do Rio de Janeiro,4 - Investimentos,2 - Primária discricionária,1.050.000,4.550.000,1.550.000,1.050.000,738.906,409.962
2015,26000 - Ministério da Educação,26378 - Complexo Hospitalar e de Saúde da Universidade Federal do Rio de Janeiro,4 - Investimentos,"6 - Primária discricionária, decorrente de emendas individuais, considerada no cálculo do RP",0,512.300,512.300,297.217,87.804,0
2016,26000 - Ministério da Educação,26245 - Universidade Federal do Rio de Janeiro,1 - Pessoal e Encargos Sociais,0 - Financeira,216.770.529,216.770.529,292.726.682,234.301.510,234.301.510,234.301.510
2016,26000 - Ministério da Educação,26245 - Universidade Federal do Rio de Janeiro,1 - Pessoal e Encargos Sociais,1 - Primária obrigatória,2.093.256.193,2.045.354.679,2.241.697.076,2.239.148.812,2.239.143.162,2.239.143.162
2016,26000 - Ministério da Educação,26245 - Universidade Federal do Rio de Janeiro,3 - Outras Despesas Correntes,1 - Primária obrigatória,84.906.987,84.906.987,103.964.497,102.940.201,102.940.201,102.940.201
2016,26000 - Ministério da Educação,26245 - Universidade Federal do Rio de Janeiro,3 - Outras Despesas Correntes,2 - Primária discricionária,371.525.261,366.997.033,413.493.105,405.936.645,393.672.973,387.629.710
2016,26000 - Ministério da Educação,26245 - Universidade Federal do Rio de Janeiro,3 - Outras Despesas Correntes,"6 - Primária discricionária, decorrente de emendas individuais, considerada no cálculo do RP",0,3.530.000,5.075.419,4.160.088,1.797.092,1.782.827
2016,26000 - Ministério da Educação,26245 - Universidade Federal do Rio de Janeiro,4 - Investimentos,2 - Primária discricionária,82.225.689,85.482.023,43.021.023,17.083.643,8.690.368,8.528.101
2016,26000 - Ministério da Educação,26245 - Universidade Federal do Rio de Janeiro,4 - Investimentos,"6 - Primária discricionária, decorrente de emendas individuais, considerada no cálculo do RP",0,9.170.000,7.624.581,6.833.280,1.737.411,1.346.503
2016,26000 - Ministério da Educação,26378 - Complexo Hospitalar e de Saúde da Universidade Federal do Rio de Janeiro,1 - Pessoal e Encargos Sociais,0 - Financeira,71.500.000,71.500.000,78.772.306,76.136.980,76.136.980,76.136.980
2016,26000 - Ministério da Educação,26378 - Complexo Hospitalar e de Saúde da Universidade Federal do Rio de Janeiro,1 - Pessoal e Encargos Sociais,1 - Primária obrigatória,411.034.593,393.243.501,431.684.029,429.645.188,429.644.597,429.644.597
2016,26000 - Ministério da Educação,26378 - Complexo Hospitalar e de Saúde da Universidade Federal do Rio de Janeiro,3 - Outras Despesas Correntes,1 - Primária obrigatória,26.770.260,26.770.260,33.114.167,32.794.731,32.794.731,32.794.731
2016,26000 - Ministério da Educação,26378 - Complexo Hospitalar e de Saúde da Universidade Federal do Rio de Janeiro,3 - Outras Despesas Correntes,2 - Primária discricionária,36.882,5.399.840,5.363.285,0,0,0
2016,26000 - Ministério da Educação,26378 - Complexo Hospitalar e de Saúde da Universidade Federal do Rio de Janeiro,3 - Outras Despesas Correntes,"6 - Primária discricionária, decorrente de emendas individuais, considerada no cálculo do RP",0,14.831.856,15.831.856,14.996.780,8.220.674,4.329.769
2016,26000 - Ministério da Educação,26378 - Complexo Hospitalar e de Saúde da Universidade Federal do Rio de Janeiro,4 - Investimentos,2 - Primária discricionária,0,12.393.664,12.393.664,0,0,0
2016,26000 - Ministério da Educação,26378 - Complexo Hospitalar e de Saúde da Universidade Federal do Rio de Janeiro,4 - Investimentos,"6 - Primária discricionária, decorrente de emendas individuais, considerada no cálculo do RP",0,13.261.580,12.261.580,11.067.177,6.070.705,5.273.670
2017,26000 - Ministério da Educação,26245 - Universidade Federal do Rio de Janeiro,1 - Pessoal e Encargos Sociais,0 - Financeira,253.453.200,253.453.200,259.264.013,255.106.798,255.106.798,255.106.798
2017,26000 - Ministério da Educação,26245 - Universidade Federal do Rio de Janeiro,1 - Pessoal e Encargos Sociais,1 - Primária obrigatória,2.359.466.223,2.359.466.223,2.420.311.442,2.412.467.215,2.411.838.358,2.397.227.725
2017,26000 - Ministério da Educação,26245 - Universidade Federal do Rio de Janeiro,3 - Outras Despesas Correntes,1 - Primária obrigatória,104.595.793,104.595.793,103.284.769,102.060.224,102.060.224,102.007.360
2017,26000 - Ministério da Educação,26245 - Universidade Federal do Rio de Janeiro,3 - Outras Despesas Correntes,2 - Primária discricionária,381.647.344,381.647.344,401.214.593,400.405.513,387.454.065,377.495.311
2017,26000 - Ministério da Educação,26245 - Universidade Federal do Rio de Janeiro,3 - Outras Despesas Correntes,"6 - Primária discricionária, decorrente de emendas individuais, considerada no cálculo do RP",0,12.663.652,7.455.884,5.955.431,536.380,91.790
2017,26000 - Ministério da Educação,26245 - Universidade Federal do Rio de Janeiro,4 - Investimentos,2 - Primária discricionária,35.581.911,35.581.911,20.581.911,8.986.556,5.899.096,4.660.930
2017,26000 - Ministério da Educação,26245 - Universidade Federal do Rio de Janeiro,4 - Investimentos,"6 - Primária discricionária, decorrente de emendas individuais, considerada no cálculo do RP",0,3.235.884,3.485.884,2.735.884,11.110,11.110
2017,26000 - Ministério da Educação,26378 - Complexo Hospitalar e de Saúde da Universidade Federal do Rio de Janeiro,1 - Pessoal e Encargos Sociais,0 - Financeira,84.244.388,84.244.388,84.637.442,81.823.702,81.823.702,81.823.702
2017,26000 - Ministério da Educação,26378 - Complexo Hospitalar e de Saúde da Universidade Federal do Rio de Janeiro,1 - Pessoal e Encargos Sociais,1 - Primária obrigatória,454.262.189,454.262.189,460.362.606,458.711.788,458.253.521,458.252.915
2017,26000 - Ministério da Educação,26378 - Complexo Hospitalar e de Saúde da Universidade Federal do Rio de Janeiro,3 - Outras Despesas Correntes,1 - Primária obrigatória,33.254.664,33.254.664,32.923.006,32.081.798,32.081.798,32.081.798
2017,26000 - Ministério da Educação,26378 - Complexo Hospitalar e de Saúde da Universidade Federal do Rio de Janeiro,3 - Outras Despesas Correntes,2 - Primária discricionária,7.564,1.007.564,715.906,0,0,0
2017,26000 - Ministério da Educação,26378 - Complexo Hospitalar e de Saúde da Universidade Federal do Rio de Janeiro,3 - Outras Despesas Correntes,"6 - Primária discricionária, decorrente de emendas individuais, considerada no cálculo do RP",0,8.190.000,8.190.000,4.558.284,1.631.109,997.068
2017,26000 - Ministério da Educação,26378 - Complexo Hospitalar e de Saúde da Universidade Federal do Rio de Janeiro,4 - Investimentos,2 - Primária discricionária,0,3.000.000,2.125.026,0,0,0
2017,26000 - Ministério da Educação,26378 - Complexo Hospitalar e de Saúde da Universidade Federal do Rio de Janeiro,4 - Investimentos,"6 - Primária discricionária, decorrente de emendas individuais, considerada no cálculo do RP",0,6.660.000,6.660.000,3.149.932,63.774,0
2018,26000 - Ministério da Educação,26245 - Universidade Federal do Rio de Janeiro,1 - Pessoal e Encargos Sociais,0 - Financeira,287.471.071,287.471.071,260.611.832,249.247.866,249.247.866,249.247.866
2018,26000 - Ministério da Educação,26245 - Universidade Federal do Rio de Janeiro,1 - Pessoal e Encargos Sociais,1 - Primária obrigatória,2.353.970.640,2.353.970.640,2.523.189.521,2.483.993.051,2.483.393.051,2.296.075.506
2018,26000 - Ministério da Educação,26245 - Universidade Federal do Rio de Janeiro,3 - Outras Despesas Correntes,1 - Primária obrigatória,102.049.038,102.049.038,104.532.134,102.813.364,102.691.778,94.066.296
2018,26000 - Ministério da Educação,26245 - Universidade Federal do Rio de Janeiro,3 - Outras Despesas Correntes,2 - Primária discricionária,380.743.533,380.743.533,381.428.043,380.695.315,370.820.550,367.569.306
2018,26000 - Ministério da Educação,26245 - Universidade Federal do Rio de Janeiro,3 - Outras Despesas Correntes,"6 - Primária discricionária, decorrente de emendas individuais, considerada no cálculo do RP",0,4.661.139,6.061.139,6.049.526,2.286.314,1.642.361
2018,26000 - Ministério da Educação,26245 - Universidade Federal do Rio de Janeiro,4 - Investimentos,2 - Primária discricionária,7.516.562,16.197.005,7.516.562,7.415.459,6.176.568,5.694.025
2018,26000 - Ministério da Educação,26245 - Universidade Federal do Rio de Janeiro,4 - Investimentos,"6 - Primária discricionária, decorrente de emendas individuais, considerada no cálculo do RP",0,5.230.002,3.830.002,3.821.039,1.914.128,1.616.851
2018,26000 - Ministério da Educação,26378 - Complexo Hospitalar e de Saúde da Universidade Federal do Rio de Janeiro,1 - Pessoal e Encargos Sociais,0 - Financeira,84.394.891,84.394.891,87.394.891,81.828.887,81.828.887,81.828.887
2018,26000 - Ministério da Educação,26378 - Complexo Hospitalar e de Saúde da Universidade Federal do Rio de Janeiro,1 - Pessoal e Encargos Sociais,1 - Primária obrigatória,456.553.563,456.553.563,464.513.175,454.560.715,454.012.038,423.507.695
2018,26000 - Ministério da Educação,26378 - Complexo Hospitalar e de Saúde da Universidade Federal do Rio de Janeiro,3 - Outras Despesas Correntes,1 - Primária obrigatória,32.125.610,32.125.610,32.610.847,32.466.111,32.466.111,29.719.773
2018,26000 - Ministério da Educação,26378 - Complexo Hospitalar e de Saúde da Universidade Federal do Rio de Janeiro,3 - Outras Despesas Correntes,2 - Primária discricionária,0,5.072.404,0,0,0,0
2018,26000 - Ministério da Educação,26378 - Complexo Hospitalar e de Saúde da Universidade Federal do Rio de Janeiro,3 - Outras Despesas Correntes,"6 - Primária discricionária, decorrente de emendas individuais, considerada no cálculo do RP",0,1.000.000,1.000.000,999.887,788.083,772.506
2018,26000 - Ministério da Educação,26378 - Complexo Hospitalar e de Saúde da Universidade Federal do Rio de Janeiro,4 - Investimentos,2 - Primária discricionária,0,5.195.349,0,0,0,0
2018,26000 - Ministério da Educação,26378 - Complexo Hospitalar e de Saúde da Universidade Federal do Rio de Janeiro,4 - Investimentos,"6 - Primária discricionária, decorrente de emendas individuais, considerada no cálculo do RP",0,1.587.500,1.587.500,1.586.843,664.482,630.040
2019,26000 - Ministério da Educação,26245 - Universidade Federal do Rio de Janeiro,1 - Pessoal e Encargos Sociais,0 - Financeira,262.600.000,262.600.000,262.600.000,256.382.229,256.382.229,256.382.229
2019,26000 - Ministério da Educação,26245 - Universidade Federal do Rio de Janeiro,1 - Pessoal e Encargos Sociais,1 - Primária obrigatória,2.505.465.401,2.505.465.401,2.634.527.606,2.588.624.522,2.588.624.522,2.392.779.728
2019,26000 - Ministério da Educação,26245 - Universidade Federal do Rio de Janeiro,3 - Outras Despesas Correntes,1 - Primária obrigatória,104.839.018,104.839.018,109.491.510,105.884.458,105.884.458,97.682.203
2019,26000 - Ministério da Educação,26245 - Universidade Federal do Rio de Janeiro,3 - Outras Despesas Correntes,2 - Primária discricionária,354.326.276,365.326.276,359.083.440,359.079.638,332.708.844,328.252.615
2019,26000 - Ministério da Educação,26245 - Universidade Federal do Rio de Janeiro,3 - Outras Despesas Correntes,"6 - Primária discricionária, decorrente de emendas individuais, considerada no cálculo do RP",0,6.345.387,5.475.387,5.474.626,2.299.471,1.791.487
2019,26000 - Ministério da Educação,26245 - Universidade Federal do Rio de Janeiro,3 - Outras Despesas Correntes,7 - Emenda de bancada estadual de execução obrigatória,0,0,3.240.000,3.240.000,0,0
2019,26000 - Ministério da Educação,26245 - Universidade Federal do Rio de Janeiro,4 - Investimentos,2 - Primária discricionária,6.775.352,11.793.608,2.505.352,2.504.375,1.528.117,1.505.003
2019,26000 - Ministério da Educação,26245 - Universidade Federal do Rio de Janeiro,4 - Investimentos,"6 - Primária discricionária, decorrente de emendas individuais, considerada no cálculo do RP",0,4.560.000,5.430.000,5.398.971,1.658.154,1.655.204
2019,26000 - Ministério da Educação,26245 - Universidade Federal do Rio de Janeiro,4 - Investimentos,7 - Emenda de bancada estadual de execução obrigatória,0,55.000.000,51.760.000,51.759.446,722,722
2019,26000 - Ministério da Educação,26378 - Complexo Hospitalar e de Saúde da Universidade Federal do Rio de Janeiro,1 - Pessoal e Encargos Sociais,0 - Financeira,84.032.000,84.032.000,84.032.000,76.335.841,76.335.841,76.335.841
2019,26000 - Ministério da Educação,26378 - Complexo Hospitalar e de Saúde da Universidade Federal do Rio de Janeiro,1 - Pessoal e Encargos Sociais,1 - Primária obrigatória,465.714.395,465.714.395,457.270.594,446.389.479,446.389.479,415.144.351
2019,26000 - Ministério da Educação,26378 - Complexo Hospitalar e de Saúde da Universidade Federal do Rio de Janeiro,3 - Outras Despesas Correntes,1 - Primária obrigatória,32.185.748,32.185.748,34.011.797,32.691.314,32.691.314,30.032.765
2019,26000 - Ministério da Educação,26378 - Complexo Hospitalar e de Saúde da Universidade Federal do Rio de Janeiro,3 - Outras Despesas Correntes,2 - Primária discricionária,0,0,34.142.409,34.142.391,8.438.664,6.020.925
2019,26000 - Ministério da Educação,26378 - Complexo Hospitalar e de Saúde da Universidade Federal do Rio de Janeiro,3 - Outras Despesas Correntes,"6 - Primária discricionária, decorrente de emendas individuais, considerada no cálculo do RP",0,1.776.000,1.926.000,1.920.454,231.499,231.499
2019,26000 - Ministério da Educação,26378 - Complexo Hospitalar e de Saúde da Universidade Federal do Rio de Janeiro,4 - Investimentos,2 - Primária discricionária,0,3.521.898,107.112,107.068,0,0
2019,26000 - Ministério da Educação,26378 - Complexo Hospitalar e de Saúde da Universidade Federal do Rio de Janeiro,4 - Investimentos,"6 - Primária discricionária, decorrente de emendas individuais, considerada no cálculo do RP",0,1.984.387,2.334.387,2.285.038,485.555,485.555
2020,26000 - Ministério da Educação,26245 - Universidade Federal do Rio de Janeiro,1 - Pessoal e Encargos Sociais,0 - Financeira,252.691.374,252.691.374,252.691.374,80.437.763,38.438.397,38.438.397
2020,26000 - Ministério da Educação,26245 - Universidade Federal do Rio de Janeiro,1 - Pessoal e Encargos Sociais,1 - Primária obrigatória,1.688.630.372,1.648.621.101,1.648.621.101,1.004.237.958,399.499.160,399.499.160
2020,26000 - Ministério da Educação,26245 - Universidade Federal do Rio de Janeiro,3 - Outras Despesas Correntes,1 - Primária obrigatória,67.829.446,66.691.110,66.691.110,39.822.080,15.707.094,15.694.310
2020,26000 - Ministério da Educação,26245 - Universidade Federal do Rio de Janeiro,3 - Outras Despesas Correntes,2 - Primária discricionária,272.200.101,267.337.544,267.337.544,46.965.791,39.369.702,33.956.339
2020,26000 - Ministério da Educação,26245 - Universidade Federal do Rio de Janeiro,3 - Outras Despesas Correntes,"6 - Primária discricionária, decorrente de emendas individuais, considerada no cálculo do RP",0,7.660.700,7.660.700,0,0,0
2020,26000 - Ministério da Educação,26245 - Universidade Federal do Rio de Janeiro,4 - Investimentos,2 - Primária discricionária,8.564.208,8.308.451,8.308.451,25.168,10.095,8.799
2020,26000 - Ministério da Educação,26245 - Universidade Federal do Rio de Janeiro,4 - Investimentos,"6 - Primária discricionária, decorrente de emendas individuais, considerada no cálculo do RP",0,4.740.000,4.740.000,0,0,0
2020,26000 - Ministério da Educação,26378 - Complexo Hospitalar e de Saúde da Universidade Federal do Rio de Janeiro,1 - Pessoal e Encargos Sociais,0 - Financeira,75.628.202,75.628.202,75.628.202,30.000.000,11.413.080,11.413.080
2020,26000 - Ministério da Educação,26378 - Complexo Hospitalar e de Saúde da Universidade Federal do Rio de Janeiro,1 - Pessoal e Encargos Sociais,1 - Primária obrigatória,443.324.863,417.797.155,417.797.155,170.401.959,68.092.156,68.092.156
2020,26000 - Ministério da Educação,26378 - Complexo Hospitalar e de Saúde da Universidade Federal do Rio de Janeiro,3 - Outras Despesas Correntes,1 - Primária obrigatória,21.657.198,21.292.484,21.292.484,14.014.079,5.095.972,5.095.972
2020,26000 - Ministério da Educação,26378 - Complexo Hospitalar e de Saúde da Universidade Federal do Rio de Janeiro,3 - Outras Despesas Correntes,"6 - Primária discricionária, decorrente de emendas individuais, considerada no cálculo do RP",0,6.665.000,6.665.000,0,0,0
2020,26000 - Ministério da Educação,26378 - Complexo Hospitalar e de Saúde da Universidade Federal do Rio de Janeiro,4 - Investimentos,"6 - Primária discricionária, decorrente de emendas individuais, considerada no cálculo do RP",0,4.620.000,4.620.000,0,0,0
2020,26000 - Ministério da Educação,26378 - Complexo Hospitalar e de Saúde da Universidade Federal do Rio de Janeiro,4 - Investimentos,7 - Emenda de bancada estadual de execução obrigatória,0,25.810.003,25.810.003,0,0,0
2020,93000 - Programações Condicionadas à Aprovação Legislativa prevista no inciso III do art. 167 da Constituição,93224 - Recursos sob Supervisão da Universidade Federal do Rio de Janeiro,1 - Pessoal e Encargos Sociais,1 - Primária obrigatória,889.859.084,849.036.887,849.036.887,0,0,0
2020,93000 - Programações Condicionadas à Aprovação Legislativa prevista no inciso III do art. 167 da Constituição,93224 - Recursos sob Supervisão da Universidade Federal do Rio de Janeiro,3 - Outras Despesas Correntes,1 - Primária obrigatória,35.275.132,34.714.459,34.714.459,0,0,0
2020,93000 - Programações Condicionadas à Aprovação Legislativa prevista no inciso III do art. 167 da Constituição,93224 - Recursos sob Supervisão da Universidade Federal do Rio de Janeiro,3 - Outras Despesas Correntes,2 - Primária discricionária,102.017.370,98.530.984,98.530.984,0,0,0
2020,93000 - Programações Condicionadas à Aprovação Legislativa prevista no inciso III do art. 167 da Constituição,93287 - Recursos sob Supervisão do Complexo Hospitalar e de Saúde da Universidade Federal do Rio de Janeiro,1 - Pessoal e Encargos Sociais,1 - Primária obrigatória,1.757.488,1.757.488,1.757.488,0,0,0
2020,93000 - Programações Condicionadas à Aprovação Legislativa prevista no inciso III do art. 167 da Constituição,93287 - Recursos sob Supervisão do Complexo Hospitalar e de Saúde da Universidade Federal do Rio de Janeiro,3 - Outras Despesas Correntes,1 - Primária obrigatória,10.666.979,10.487.344,10.487.344,0,0,0
